The Shining,Jack Nicholson
The Blue Lagoon,Brooke Shields
Star Wars: Episode V - The Empire Strikes Back,Mark Hamill
Airplane!,Robert Hays
Caddyshack,Chevy Chase
Friday the 13th,Betsy Palmer
The Blues Brothers,John Belushi
Raging Bull,Robert De Niro
Superman II,Gene Hackman
The Long Riders,David Carradine
Any Which Way You Can,Clint Eastwood
The Gods Must Be Crazy,N!xau
Popeye,Robin Williams
Ordinary People,Donald Sutherland
Dressed to Kill,Michael Caine
Somewhere in Time,Christopher Reeve
Fame,Eddie Barth
9 to 5,Jane Fonda
The Fog,Adrienne Barbeau
Stir Crazy,Gene Wilder
Cruising,Al Pacino
Heaven's Gate,Kris Kristofferson
The Final Countdown,Kirk Douglas
Xanadu,Olivia Newton-John
Urban Cowboy,John Travolta
Altered States,William Hurt
Little Darlings,Tatum O'Neal
Raise the Titanic,Jason Robards
Brubaker,Robert Redford
American Gigolo,Richard Gere
My Bodyguard,Chris Makepeace
Prom Night,Leslie Nielsen
Smokey and the Bandit II,Burt Reynolds
Cattle Annie and Little Britches,Scott Glenn
Seems Like Old Times,Goldie Hawn
Private Benjamin,Goldie Hawn
The Hollywood Knights,Tony Danza
Motel Hell,Rory Calhoun
The Jazz Singer,Laurence Olivier
Coal Miner's Daughter,Sissy Spacek
The Watcher in the Woods,Bette Davis
Breaker Morant,Edward Woodward
The Stunt Man,Peter O'Toole
Where the Buffalo Roam,Peter Boyle
The Awakening,Charlton Heston
Cheech and Chong's Next Movie,Cheech Marin
The Island,Michael Caine
The Boogey Man,Suzanna Love
The Nude Bomb,Don Adams
Lion of the Desert,Anthony Quinn
Stardust Memories,Woody Allen
Melvin and Howard,Paul Le Mat
Can't Stop the Music,Ray Simpson
Bronco Billy,Clint Eastwood
City of Women,Marcello Mastroianni
The Private Eyes,Tim Conway
When Time Ran Out...,Paul Newman
Oh Heavenly Dog,Chevy Chase
The Octagon,Chuck Norris
Hangar 18,Darren McGavin
Herbie Goes Bananas,Charles Martin Smith
The Competition,Richard Dreyfuss
It's My Turn,Jill Clayburgh
Honeysuckle Rose,Willie Nelson
Resurrection,Ellen Burstyn
Fatso,Dom DeLuise
Moscow Does Not Believe in Tears,Vera Alentova
The Fiendish Plot of Dr. Fu Manchu,Peter Sellers
Serial,Martin Mull
Hero at Large,John Ritter
Wholly Moses!,Dudley Moore
"Bon Voyage,Charles M. Schulz
In God We Trust (or Gimme That Prime Time Religion),Marty Feldman
Roadie,Meat Loaf
Just Tell Me What You Want,Ali MacGraw
The Last Flight of Noah's Ark,Elliott Gould
Little Miss Marker,Walter Matthau
Willie & Phil,Michael Ontkean
Babylon,United Kingdom
Windwalker,Trevor Howard
Phobia,Paul Michael Glaser
Windows,Talia Shire
Loving Couples,Shirley MacLaine
The King and the Mockingbird,Jean Martin
"Oh,Josh Greenfeld
"Those Lips,David Shaber
La Cage aux Folles II,Michel Serrault
The Gong Show Movie,Chuck Barris
Gilda Live,Gilda Radner
Why Would I Lie?,Treat Williams
First Family,Bob Newhart
Mantis Fist Fighter,Ka-Yan Leung
Indiana Jones and the Raiders of the Lost Ark,Harrison Ford
Body Heat,William Hurt
An American Werewolf in London,David Naughton
Escape from New York,Kurt Russell
The Evil Dead,Bruce Campbell
Porky's,Dan Monahan
Blow Out,John Travolta
Clash of the Titans,Laurence Olivier
Excalibur,Nigel Terry
Mad Max 2,Mel Gibson
Das Boot,Jürgen Prochnow
Stripes,Bill Murray
Possession,Isabelle Adjani
The Cannonball Run,Burt Reynolds
Thief,James Caan
Endless Love,Brooke Shields
Time Bandits,Sean Connery
The Four Seasons,Alan Alda
Friday the 13th Part 2,Betsy Palmer
Scanners,Jennifer O'Neill
For Your Eyes Only,Roger Moore
Halloween II,Jamie Lee Curtis
Taps,George C. Scott
Reds,Warren Beatty
On Golden Pond,Katharine Hepburn
The Fox and the Hound,Mickey Rooney
Chariots of Fire,Ben Cross
Absence of Malice,Paul Newman
Tarzan the Ape Man,Bo Derek
Victory,Michael Caine
Arthur,Dudley Moore
My Dinner with Andre,Andre Gregory
Caveman,Ringo Starr
Dead & Buried,James Farentino
History of the World: Part I,Mel Brooks
The Howling,Dee Wallace
Dragonslayer,Peter MacNicol
Cutter's Way,Jeff Bridges
Quest for Fire,Everett McGill
The Final Conflict,Sam Neill
Mommie Dearest,Faye Dunaway
Private Lessons,Sylvia Kristel
The Postman Always Rings Twice,Jack Nicholson
Ragtime,James Cagney
Deadly Blessing,Maren Jensen
Eyewitness,William Hurt
Gallipoli,Mel Gibson
Outland,Sean Connery
Southern Comfort,Keith Carradine
S.O.B.,Julie Andrews
The Beyond,Catriona MacColl
Ghost Story,Craig Wasson
My Bloody Valentine,Paul Kelman
The Funhouse,Elizabeth Berridge
One from the Heart,Frederic Forrest
The French Lieutenant's Woman,Meryl Streep
The Great Muppet Caper,Jim Henson
True Confessions,Robert De Niro
Looker,Albert Finney
Nighthawks,Sylvester Stallone
Nice Dreams,Cheech Marin
Sharky's Machine,Burt Reynolds
Neighbors,John Belushi
Puberty Blues,Nell Schofield
Eye of the Needle,Donald Sutherland
Wolfen,Albert Finney
Student Bodies,Kristen Riter
Prince of the City,Treat Williams
The Hand,Michael Caine
Continental Divide,John Belushi
Diva,Wilhelmenia Fernandez
Venom,Klaus Kinski
Fort Apache the Bronx,Paul Newman
Eyes of a Stranger,Lauren Tewes
Zorro: The Gay Blade,George Hamilton
Under the Rainbow,Chevy Chase
Carbon Copy,George Segal
The Incredible Shrinking Woman,Lily Tomlin
The Night the Lights Went Out in Georgia,Kristy McNichol
Quartet,Isabelle Adjani
Graduation Day,Christopher George
Modern Problems,Chevy Chase
Pennies from Heaven,Steve Martin
American Pop,Mews Small
The Legend of the Lone Ranger,Klinton Spilsbury
Sphinx,Lesley-Anne Down
Night School,Leonard Mann
An Eye for an Eye,Chuck Norris
Zoot Suit,Daniel Valdez
Rich and Famous,Jacqueline Bisset
Buddy Buddy,Jack Lemmon
Bustin' Loose,Richard Pryor
Modern Romance,Albert Brooks
Heartbeeps,Andy Kaufman
Back Roads,Sally Field
Take This Job and Shove It,Robert Hays
Raggedy Man,Sissy Spacek
Whose Life Is It Anyway?,Richard Dreyfuss
Inchon,Laurence Olivier
All Night Long,Gene Hackman
The Pursuit of D.B. Cooper,Robert Duvall
Rollover,Jane Fonda
Only When I Laugh,Marsha Mason
Honky Tonk Freeway,David Rasche
Paternity,Burt Reynolds
King of the Mountain,Harry Hamlin
Scream,Pepper Martin
The Devil and Max Devlin,Elliott Gould
The Amateur,John Savage
Longshot,United States
Comin' at Ya!,Tony Anthony
Le Pont du Nord,Bulle Ogier
Silence of the North,Ellen Burstyn
Fast Times at Ridgemont High,Sean Penn
Blade Runner,Harrison Ford
The Thing,Kurt Russell
Conan the Barbarian,Arnold Schwarzenegger
E.T. the Extra-Terrestrial,Henry Thomas
First Blood,Sylvester Stallone
An Officer and a Gentleman,Richard Gere
Grease 2,Michelle Pfeiffer
Annie,Aileen Quinn
Poltergeist,JoBeth Williams
48 Hrs.,Nick Nolte
Star Trek II: The Wrath of Khan,William Shatner
Paradise,Willie Aames
The Last American Virgin,Lawrence Monoson
Sophie's Choice,Meryl Streep
Gandhi,Ben Kingsley
Tootsie,Dustin Hoffman
Tron,Jeff Bridges
The Secret of NIMH,Elizabeth Hartman
The King of Comedy,Robert De Niro
Rocky III,Sylvester Stallone
The Beastmaster,Marc Singer
Creepshow,Hal Holbrook
The Man from Snowy River,Kirk Douglas
Pink Floyd: The Wall,Bob Geldof
Cat People,Nastassja Kinski
Fanny and Alexander,Bertil Guve
Friday the 13th Part III,Dana Kimmell
Firefox,Clint Eastwood
Halloween III: Season of the Witch,Tom Atkins
The Dark Crystal,Jim Henson
The Verdict,Paul Newman
Pieces,Christopher George
Zapped!,Scott Baio
Six Pack,Kenny Rogers
The World According to Garp,Robin Williams
Diner,Steve Guttenberg
The Best Little Whorehouse in Texas,Burt Reynolds
The Year of Living Dangerously,Mel Gibson
Night Shift,Henry Winkler
Summer Lovers,Peter Gallagher
Victor Victoria,Julie Andrews
The Last Unicorn,Jeff Bridges
The Entity,Barbara Hershey
Airplane II: the Sequel,Robert Hays
The Toy,Richard Pryor
The House on Sorority Row,Kate McNeil
Evil Under the Sun,Peter Ustinov
The Sword and the Sorcerer,Lee Horsley
Death Wish II,Charles Bronson
Silent Rage,Chuck Norris
Megaforce,Barry Bostwick
Personal Best,Mariel Hemingway
Dead Men Don't Wear Plaid,Steve Martin
Amityville II: The Possession,James Olson
Missing,Jack Lemmon
Frances,Jessica Lange
The Seduction,Morgan Fairchild
Cannery Row,Nick Nolte
Deathtrap,Michael Caine
Tex,Matt Dillon
Time Walker,Ben Murphy
"I,Mickey Spillane
Tempest,John Cassavetes
Young Doctors in Love,Michael McKean
My Favorite Year,Peter O'Toole
Still of the Night,Roy Scheider
Parasite,Robert Glaudini
Making Love,Michael Ontkean
Honkytonk Man,Clint Eastwood
The Beast Within,Ronny Cox
"Come Back to the 5 & Dime Jimmy Dean,Ed Graczyk
The Final Option,Lewis Collins
Trail of the Pink Panther,Peter Sellers
The Sender,Kathryn Harrold
The Border,Jack Nicholson
Kiss Me Goodbye,Sally Field
A Midsummer Night's Sex Comedy,Woody Allen
Vice Squad,Season Hubley
Best Friends,Burt Reynolds
Shoot the Moon,Albert Finney
Lookin' to Get Out,Jon Voight
Barbarosa,Willie Nelson
Visiting Hours,Michael Ironside
A Little Sex,Tim Matheson
Class Reunion,Gerrit Graham
Hanky Panky,Gene Wilder
Author! Author!,Al Pacino
Split Image,Michael O'Keefe
The Challenge,Scott Glenn
The Soldier,Ken Wahl
Wrong Is Right,Sean Connery
Six Weeks,Dudley Moore
The State of Things,Allen Garfield
Jekyll and Hyde... Together Again,Mark Blankfield
Forced Vengeance,Chuck Norris
The Missionary,Michael Palin
The Escape Artist,Raul Julia
Night Crossing,John Hurt
Endangered Species,Robert Urich
Things Are Tough All Over,Toni Attell
Homework,Joan Collins
Jinxed!,Bette Midler
The Return of Martin Guerre,Gérard Depardieu
They Call Me Bruce,Johnny Yune
Some Kind of Hero,Richard Pryor
Hammett,Frederic Forrest
Five Days One Summer,United States
Penitentiary II,Leon Isaac Kennedy
If You Could See What I Hear,Marc Singer
Partners,Ryan O'Neal
Richard Pryor: Live on the Sunset Strip,Richard Pryor
Bugs Bunny's 3rd Movie: 1001 Rabbit Tales,Mel Blanc
Monsignor,Christopher Reeve
"Yes,Anne Piper
I Ought to Be in Pictures,Walter Matthau
La traviata,Teresa Stratas
Fighting Back,Tom Skerritt
Kamikaze 89,Rainer Werner Fassbinder
The Wizard of Oz,Aileen Quinn
Heidi's Song,Lorne Greene
Love Child,Amy Madigan
Boardinghouse,John Wintergate
Experience Preferred... But Not Essential,Elizabeth Edmonds
The Personals,United States
Lonely Hearts,Wendy Hughes
Scarface,Al Pacino
The Outsiders,C. Thomas Howell
Star Wars: Episode VI - Return of the Jedi,Mark Hamill
Risky Business,Tom Cruise
National Lampoon's Vacation,Chevy Chase
Trading Places,Eddie Murphy
Superman III,Christopher Reeve
The Big Chill,Tom Berenger
Staying Alive,John Travolta
Jaws 3-D,Dennis Quaid
Christine,Keith Gordon
Sleepaway Camp,Felissa Rose
Flashdance,Jennifer Beals
WarGames,Matthew Broderick
The Right Stuff,Sam Shepard
Krull,Ken Marshall
Spring Break,David Knell
The Dead Zone,Christopher Walken
Octopussy,Roger Moore
Private School,Phoebe Cates
Valley Girl,Nicolas Cage
Rumble Fish,Matt Dillon
Videodrome,James Woods
Terms of Endearment,Shirley MacLaine
Twilight Zone: The Movie,Dan Aykroyd
Never Say Never Again,Sean Connery
A Christmas Story,Peter Billingsley
Cujo,Dee Wallace
Sudden Impact,Clint Eastwood
The Hunger,Catherine Deneuve
Mr. Mom,Michael Keaton
Blue Thunder,Roy Scheider
Breathless,Richard Gere
Psycho II,Anthony Perkins
Local Hero,Burt Lancaster
Bad Boys,Sean Penn
Silkwood,Meryl Streep
All the Right Moves,Tom Cruise
The Keep,Scott Glenn
My Tutor,Matt Lattanzi
Yentl,Barbra Streisand
Fire and Ice,Randy Norton
Eddie and the Cruisers,Tom Berenger
Yellowbeard,Graham Chapman
The Meaning of Life,John Cleese
Nostalghia,Italy
Hot Dog... The Movie,David Naughton
Smokey and the Bandit Part 3,Jackie Gleason
Deathstalker,Rick Hill
Porky's II: The Next Day,Dan Monahan
Something Wicked This Way Comes,Jason Robards
Tender Mercies,Robert Duvall
Star 80,Mariel Hemingway
Gorky Park,William Hurt
Lone Wolf McQuade,Chuck Norris
Easy Money,Rodney Dangerfield
Merry Christmas Mr. Lawrence,David Bowie
Losin' It,Tom Cruise
Screwballs,Peter Keleghan
Brainstorm,Christopher Walken
The Man with Two Brains,Steve Martin
Angel,Cliff Gorman
10 to Midnight,Charles Bronson
Uncommon Valor,Gene Hackman
Doctor Detroit,Dan Aykroyd
Mortuary,Mary Beth McDonough
Stroker Ace,Burt Reynolds
Sahara,Brooke Shields
Two of a Kind,John Travolta
Chained Heat,Linda Blair
Spacehunter: Adventures in the Forbidden Zone,Peter Strauss
High Road to China,Tom Selleck
Never Cry Wolf,Charles Martin Smith
The Pirates of Penzance,Kevin Kline
Rock & Rule,Don Francks
Hercules,Lou Ferrigno
Educating Rita,Michael Caine
A Night in Heaven,Christopher Atkins
Under Fire,Nick Nolte
Amityville 3-D,Tony Roberts
Testament,Jane Alexander
The Osterman Weekend,Rutger Hauer
Revenge of the Ninja,Shô Kosugi
Zelig,Woody Allen
Independence Day,Kathleen Quinlan
Escape from the Bronx,Mark Gregory
To Be or Not to Be,Mel Brooks
Eureka,Gene Hackman
The Wicked Lady,Faye Dunaway
Still Smokin,Cheech Marin
"Yor,Juan Zanotto
Of Unknown Origin,Peter Weller
Curse of the Pink Panther,David Niven
D.C. Cab,Max Gail
Beyond the Limit,Michael Caine
The Survivors,Walter Matthau
The Lonely Lady,Pia Zadora
The Star Chamber,Michael Douglas
The Dresser,Albert Finney
The Lords of Discipline,David Keith
Cross Creek,Mary Steenburgen
The Man Who Loved Women,Burt Reynolds
Nightmares,Cristina Raines
Deal of the Century,Chevy Chase
Eddie Macon's Run,Kirk Douglas
Max Dugan Returns,Jason Robards
The Sting II,Jackie Gleason
Baby It's You,Rosanna Arquette
Heat and Dust,United Kingdom
Going Berserk,John Candy
Daniel,Timothy Hutton
Heart Like a Wheel,Bonnie Bedelia
Love Letters,Jamie Lee Curtis
Get Crazy,Malcolm McDowell
Nate and Hayes,Tommy Lee Jones
Strange Invaders,Paul Le Mat
The Black Stallion Returns,Kelly Reno
Metalstorm: the Destruction of Jared-Syn,Jeffrey Byron
Getting It on,United States
Lianna,Linda Griffiths
Better Late Than Never,David Niven
Lovesick,Dudley Moore
Running Brave,Robby Benson
Exposed,Nastassja Kinski
Trenchcoat,Margot Kidder
Stryker,Steve Sandor
The Man Who Wasn't There,Steve Guttenberg
Table for Five,Jon Voight
Romantic Comedy,Dudley Moore
Young Warriors,Ernest Borgnine
"Man,Erich Segal
Hanna K.,Jill Clayburgh
Slayground,United Kingdom
White Star,Dennis Hopper
Richard Pryor... Here and Now,Richard Pryor
Deadly Force,Wings Hauser
My Brother's Wedding,United States
Blue Skies Again,Harry Hamlin
Last Plane Out,Jan-Michael Vincent
Cross Country,Richard Beymer
A Polish Vampire in Burbank,Mark Pirro
Forever Young,James Aubrey
The Golden Seal,Steve Railsback
The Business of Show Business,
The Terminator,Arnold Schwarzenegger
Dune,Kyle MacLachlan
Ghostbusters,Bill Murray
The Karate Kid,Ralph Macchio
Once Upon a Time in America,Robert De Niro
Police Academy,Steve Guttenberg
Indiana Jones and the Temple of Doom,Harrison Ford
Body Double,Craig Wasson
A Nightmare on Elm Street,Heather Langenkamp
Amadeus,F. Murray Abraham
Beverly Hills Cop,Eddie Murphy
Red Dawn,Patrick Swayze
The NeverEnding Story,Noah Hathaway
Footloose,Kevin Bacon
Revenge of the Nerds,Robert Carradine
Gremlins,Zach Galligan
Romancing the Stone,Michael Douglas
Streets of Fire,Michael Paré
Sixteen Candles,Molly Ringwald
"Paris,L.M. Kit Carson
This Is Spinal Tap,Rob Reiner
1984,John Hurt
Top Secret!,Val Kilmer
Conan the Destroyer,Arnold Schwarzenegger
Children of the Corn,Peter Horton
The Last Starfighter,Lance Guest
Splash,Tom Hanks
Blood Simple,John Getz
The Natural,Robert Redford
Bachelor Party,Tom Hanks
Nausicaä of the Valley of the Wind,Sumi Shimamoto
Friday the 13th: the Final Chapter,Erich Anderson
Hardbodies,Grant Cramer
Against All Odds,Rachel Ward
Supergirl,Helen Slater
The Bounty,Mel Gibson
Firestarter,Drew Barrymore
C.H.U.D.,John Heard
The Woman in Red,Gene Wilder
Runaway,Tom Selleck
The Adventures of Buckaroo Banzai Across the 8th Dimension,Peter Weller
Star Trek III: The Search for Spock,William Shatner
Repo Man,Harry Dean Stanton
2010: the Year We Make Contact,Roy Scheider
The Killing Fields,Sam Waterston
The Cotton Club,Richard Gere
Starman,Jeff Bridges
Night of the Comet,Catherine Mary Stewart
Blame It on Rio,Michael Caine
Dreamscape,Dennis Quaid
Crimes of Passion,Kathleen Turner
The Philadelphia Experiment,Michael Paré
Places in the Heart,Sally Field
Bolero,Bo Derek
Cannonball Run II,Burt Reynolds
Stranger Than Paradise,John Lurie
The Ice Pirates,Robert Urich
A Passage to India,Judy Davis
Purple Rain,Prince
The Hotel New Hampshire,Rob Lowe
The Hit,Freddie Stuart
Sheena,Tanya Roberts
Missing in Action,Chuck Norris
"Greystoke: The Legend of Tarzan,Edgar Rice Burroughs
The Muppets Take Manhattan,Jim Henson
The Wild Life,Chris Penn
Falling in Love,Robert De Niro
Gwendoline,Tawny Kitaen
Breakin',Lucinda Dickey
Birdy,Matthew Modine
The Company of Wolves,Sarah Patterson
Ghoulies,Peter Liapis
Electric Dreams,Lenny von Dohlen
Cloak & Dagger,Henry Thomas
Racing with the Moon,Sean Penn
"Silent Night,Paul Caimi
The Pope of Greenwich Village,Eric Roberts
All of Me,Steve Martin
"Grandview,Ken Hixon
Where the Boys Are,Lisa Hartman
Reckless,Aidan Quinn
Tightrope,Clint Eastwood
Rhinestone,Sylvester Stallone
The Flamingo Kid,Matt Dillon
Up the Creek,Tim Matheson
Swing Shift,Goldie Hawn
Beat Street,Rae Dawn Chong
Joy of Sex,Cameron Dye
Breakin' 2: Electric Boogaloo,Lucinda Dickey
The Razor's Edge,Bill Murray
Tank,James Garner
Moscow on the Hudson,Robin Williams
Ninja III: The Domination,Shô Kosugi
The Warrior and the Sorceress,David Carradine
The Evil That Men Do,Charles Bronson
Firstborn,Teri Garr
Cut and Run,Lisa Blount
Teachers,Nick Nolte
Repentance,Avtandil Makharadze
The River,Mel Gibson
Razorback,Gregory Harrison
A Soldier's Story,Howard E. Rollins Jr.
Comfort and Joy,Bill Paterson
Meatballs Part II,Richard Mulligan
Lassiter,Tom Selleck
Irreconcilable Differences,Ryan O'Neal
City Heat,Clint Eastwood
Under the Volcano,Albert Finney
Iceman,Timothy Hutton
Flashpoint,Kris Kristofferson
The Little Drummer Girl,Diane Keaton
Lust in the Dust,Tab Hunter
Hot Moves,Michael Zorek
Oxford Blues,Rob Lowe
Thief of Hearts,Steven Bauer
The Brother from Another Planet,Joe Morton
No Small Affair,Jon Cryer
Broadway Danny Rose,Woody Allen
Best Defense,Dudley Moore
Micki + Maude,Dudley Moore
Protocol,Goldie Hawn
Exterminator 2,Robert Ginty
American Dreamer,JoBeth Williams
The Lonely Guy,Steve Martin
Choose Me,Geneviève Bujold
Making the Grade,Judd Nelson
Full Moon in Paris,Pascale Ogier
Unfaithfully Yours,Dudley Moore
Impulse,Tim Matheson
Mrs. Soffel,Diane Keaton
Garbo Talks,Anne Bancroft
Country,Jessica Lange
Cheech & Chong's the Corsican Brothers,Cheech Marin
Purple Hearts,Ken Wahl
Give My Regards to Broad Street,Paul McCartney
Songwriter,Willie Nelson
Finders Keepers,Michael O'Keefe
The Bostonians,Christopher Reeve
Body Rock,Lorenzo Lamas
The River Rat,Tommy Lee Jones
Just the Way You Are,Kristy McNichol
Until September,Karen Allen
Crackers,Donald Sutherland
Kaos,Margarita Lozano
Misunderstood,Gene Hackman
Mike's Murder,Debra Winger
The Buddy System,Richard Dreyfuss
A Private Function,Michael Palin
Scandalous,Robert Hays
"Oh,Andrew Bergman
The Bay Boy,Liv Ullmann
Heavenly Bodies,Cynthia Dale
Heartbreakers,Peter Coyote
Champions,John Hurt
A Sunday in the Country,Louis Ducreux
Mass Appeal,Jack Lemmon
Windy City,John Shea
Lovelines,Greg Bradford
The Bear,Gary Busey
Weekend Pass,Patrick Houser
Over the Brooklyn Bridge,Elliott Gould
Fast Talking,Steve Bisley
Lily in Love,Christopher Plummer
Winter Flight,Reece Dinsdale
Almost You,Brooke Adams
The Adventures of Pinocchio,Danielle Romeo
Blame It on the Night,Nick Mancuso
Petit Con,Guy Marchand
Weird Science,Anthony Michael Hall
The Goonies,Sean Astin
Back to the Future,Michael J. Fox
To Live and Die in L.A.,William Petersen
Clue,Eileen Brennan
The Breakfast Club,Emilio Estevez
Cocoon,Don Ameche
Rambo: First Blood Part II,Sylvester Stallone
Mask,Cher
Legend,Tom Cruise
The Return of the Living Dead,Clu Gulager
St. Elmo's Fire,Demi Moore
Brazil,Jonathan Pryce
Pale Rider,Clint Eastwood
Teen Wolf,Michael J. Fox
Real Genius,Val Kilmer
Commando,Arnold Schwarzenegger
Witness,Harrison Ford
The Color Purple,Danny Glover
Silverado,Kevin Kline
Rocky IV,Sylvester Stallone
Better Off Dead...,John Cusack
Ran,Tatsuya Nakadai
Ladyhawke,Matthew Broderick
A Room with a View,Maggie Smith
Red Sonja,Arnold Schwarzenegger
Fright Night,Chris Sarandon
Explorers,Ethan Hawke
Flesh+Blood,Rutger Hauer
Mad Max Beyond Thunderdome,Mel Gibson
After Hours,Griffin Dunne
A View to a Kill,Roger Moore
Fletch,Chevy Chase
Perfect,John Travolta
A Nightmare on Elm Street 2: Freddy's Revenge,Robert Englund
Summer Rental,John Candy
Lifeforce,Steve Railsback
Pee-wee's Big Adventure,Paul Reubens
Out of Africa,Meryl Streep
Day of the Dead,Lori Cardille
Just One of the Guys,Joyce Hyser
National Lampoon's European Vacation,Chevy Chase
Spies Like Us,Chevy Chase
House,William Katt
Police Academy 2: Their First Assignment,Steve Guttenberg
The Black Cauldron,Grant Bardsley
Friday the 13th: A New Beginning,Melanie Kinnaman
Runaway Train,Jon Voight
Re-Animator,Jeffrey Combs
Brewster's Millions,Richard Pryor
The Last Dragon,Taimak
The Legend of Billie Jean,Helen Slater
Desperately Seeking Susan,Rosanna Arquette
Girls Just Want to Have Fun,Biff Yeager
Vision Quest,Matthew Modine
Jagged Edge,Jeff Bridges
Enemy Mine,Dennis Quaid
Tuff Turf,James Spader
Volunteers,Tom Hanks
The Jewel of the Nile,Michael Douglas
Once Bitten,Lauren Hutton
Private Resort,Rob Morrow
Police Story,Jackie Chan
Into the Night,Jeff Goldblum
The Sure Thing,John Cusack
White Nights,Mikhail Baryshnikov
Mischief,Doug McKeon
Silver Bullet,Gary Busey
Kiss of the Spider Woman,William Hurt
My Beautiful Laundrette,Saeed Jaffrey
Young Sherlock Holmes,Nicholas Rowe
Smooth Talk,Treat Williams
Porky's Revenge,Dan Monahan
Year of the Dragon,Mickey Rourke
Prizzi's Honor,Jack Nicholson
The Quiet Earth,Bruno Lawrence
Tampopo,Japan
Creature,Stan Ivar
Secret Admirer,C. Thomas Howell
"No Retreat,See-Yuen Ng
D.A.R.Y.L.,Mary Beth Hurt
Mishima: A Life in Four Chapters,Ken Ogata
A Chorus Line,Michael Douglas
Cat's Eye,Drew Barrymore
Murphy's Romance,Sally Field
Heaven Help Us,Donald Sutherland
American Flyers,Kevin Costner
The Journey of Natty Gann,Meredith Salenger
Trouble in Mind,United States
Fandango,Kevin Costner
Gotcha!,Anthony Edwards
Death Wish 3,Charles Bronson
King Solomon's Mines,Richard Chamberlain
American Warrior,Michael Dudikoff
The Emerald Forest,Powers Boothe
The Holcroft Covenant,Michael Caine
The Falcon and the Snowman,Timothy Hutton
Transylvania 6-5000,Jeff Goldblum
Desert Hearts,Helen Shaver
The Heavenly Kid,Lewis Smith
The Purple Rose of Cairo,Mia Farrow
The Man with One Red Shoe,Tom Hanks
My Life as a Dog,Anton Glanzelius
My Science Project,John Stockwell
Seven Minutes in Heaven,Jennifer Connelly
Fraternity Vacation,Stephen Geoffreys
The New Kids,Shannon Presby
Tomboy,Betsy Russell
Invasion U.S.A.,Chuck Norris
Revolution,Al Pacino
Lost in America,Albert Brooks
Subway,Christopher Lambert
Moving Violations,John Murray
Nomads,Lesley-Anne Down
Fool for Love,Sam Shepard
Baby: Secret of the Lost Legend,William Katt
Code of Silence,Chuck Norris
Crimewave,Louise Lasser
Gymkata,Kurt Thomas
Sweet Dreams,Jessica Lange
The Slugger's Wife,Michael O'Keefe
Avenging Angel,Betsy Russell
Santa Claus: The Movie,Dudley Moore
That Was Then... This Is Now,Emilio Estevez
Agnes of God,Jane Fonda
Rustlers' Rhapsody,Tom Berenger
The Adventures of Mark Twain,James Whitmore
Stick,Burt Reynolds
The Bride,Sting
Morons from Outer Space,Mel Smith
Godzilla 1985,Raymond Burr
Plenty,Meryl Streep
King David,Richard Gere
The Trip to Bountiful,Geraldine Page
Missing in Action 2: The Beginning,Chuck Norris
The Protector,Jackie Chan
The Mean Season,Kurt Russell
Turk 182,Timothy Hutton
The Official Story,Norma Aleandro
Krush Groove,Sheila E.
He-Man and She-Ra: The Secret of the Sword,John Erwin
Warning Sign,Sam Waterston
Creator,Peter O'Toole
Taipei Story,Taiwan
Otac na sluzbenom putu,Moreno D'E Bartolli
The Aviator,Christopher Reeve
Starchaser: The Legend of Orin,Joe Colligan
Maxie,Glenn Close
DEFCON-4,Lenore Zann
The Care Bears Movie,Georgia Engel
Sylvester,Richard Farnsworth
Radioactive Dreams,John Stockwell
Twice in a Lifetime,Gene Hackman
Dance with a Stranger,Miranda Richardson
Water,Michael Caine
One Magic Christmas,Mary Steenburgen
Echo Park,Susan Dey
O.C. and Stiggs,United States
The Good Father,Anthony Hopkins
Fever Pitch,Ryan O'Neal
The Doctor and the Devils,Timothy Dalton
Head Office,Judge Reinhold
Eleni,Kate Nelligan
Dreamchild,Coral Browne
Defense of the Realm,Gabriel Byrne
Bad Medicine,Steve Guttenberg
Wetherby,Vanessa Redgrave
Compromising Positions,Susan Sarandon
Rainbow Brite and the Star Stealer,Bettina Bush
Alamo Bay,Amy Madigan
Three Men and a Cradle,Roland Giraud
In the Shadow of Kilimanjaro,John Rhys-Davies
Rappin',Mario Van Peebles
Bal na vodi,Gala Videnovic
Certain Fury,Tatum O'Neal
Bliss,Barry Otto
Code Name: Emerald,Ed Harris
Colonel Redl,Klaus Maria Brandauer
Thunder Run,Forrest Tucker
Marie,Sissy Spacek
Movers & Shakers,Walter Matthau
La Cage aux Folles 3: The Wedding,Michel Serrault
James Joyce's Women,Fionnula Flanagan
Turtle Diary,Glenda Jackson
Maccheroni,Jack Lemmon
My Man Adam,Raphael Sbarge
Sudden Death,Denise Coward
One Woman or Two,Gérard Depardieu
Joshua Then and Now,James Woods
On the Edge,Bruce Dern
The Girl in the Picture,John Gordon Sinclair
Here Come the Littles,Jimmy Keegan
Came a Hot Friday,Peter Bland
Wuthering Heights,Fabienne Babe
The Frog Prince,Jane Snowden
Lune de miel,Nathalie Baye
Tea in the Harem,Kader Boukhanef
Mr. Love,Barry Jackson
Death of an Angel,Bonnie Bedelia
Sincerely Charlotte,Isabelle Huppert
Top Gun,Tom Cruise
Aliens,Sigourney Weaver
Stand by Me,Wil Wheaton
Ferris Bueller's Day Off,Matthew Broderick
Crocodile Dundee,Paul Hogan
Labyrinth,David Bowie
Highlander,Christopher Lambert
Big Trouble in Little China,Kurt Russell
Pretty in Pink,Molly Ringwald
Platoon,Charlie Sheen
Blue Velvet,Isabella Rossellini
Manhunter,William Petersen
Howard the Duck,Lea Thompson
The Fly,Jeff Goldblum
Little Shop of Horrors,Rick Moranis
The Mosquito Coast,Harrison Ford
The Karate Kid Part II,Pat Morita
River's Edge,Crispin Glover
9½ Weeks,Mickey Rourke
The Golden Child,Eddie Murphy
Star Trek IV: The Voyage Home,William Shatner
Short Circuit,Ally Sheedy
The Delta Force,Chuck Norris
The Name of the Rose,Sean Connery
The Wraith,Charlie Sheen
The Color of Money,Paul Newman
Hoosiers,Gene Hackman
Heartbreak Ridge,Clint Eastwood
Flight of the Navigator,Joey Cramer
Cobra,Sylvester Stallone
Peggy Sue Got Married,Kathleen Turner
The Mission,Robert De Niro
Working Girls,Louise Smith
Youngblood,Rob Lowe
Three Amigos!,Steve Martin
Maximum Overdrive,Emilio Estevez
Lucas,Corey Haim
Friday the 13th Part VI: Jason Lives,Thom Mathews
The Money Pit,Tom Hanks
Back to School,Rodney Dangerfield
Betty Blue,Jean-Hugues Anglade
About Last Night,Rob Lowe
Critters,Dee Wallace
The Texas Chainsaw Massacre 2,Dennis Hopper
Iron Eagle,Louis Gossett Jr.
One Crazy Summer,John Cusack
From Beyond,Jeffrey Combs
Sid and Nancy,Gary Oldman
Henry: Portrait of a Serial Killer,Michael Rooker
Mona Lisa,Bob Hoskins
Police Academy 3: Back in Training,Steve Guttenberg
Night of the Creeps,Jason Lively
The Sacrifice,Erland Josephson
The Hitcher,Rutger Hauer
Rad,Bart Conner
An American Tail,Dom DeLuise
SpaceCamp,Kate Capshaw
Raw Deal,Arnold Schwarzenegger
Hannah and Her Sisters,Mia Farrow
The Great Mouse Detective,Vincent Price
Ruthless People,Bette Midler
The Transformers: the Movie,Orson Welles
Wildcats,Goldie Hawn
Troll,Michael Moriarty
At Close Range,Sean Penn
The Boy Who Could Fly,Lucy Deakins
Something Wild,Jeff Daniels
Heartburn,Meryl Streep
Crossroads,Ralph Macchio
The Clan of the Cave Bear,Daryl Hannah
She's Gotta Have It,Tracy Camilla Johns
Running Scared,Gregory Hines
8 Million Ways to Die,Jeff Bridges
Soul Man,C. Thomas Howell
Down by Law,Tom Waits
Poltergeist II: the Other Side,JoBeth Williams
Bad Blood,Michel Piccoli
Psycho III,Anthony Perkins
Allan Quatermain and the Lost City of Gold,Richard Chamberlain
The Adventures of Milo and Otis,Kyôko Koizumi
Caravaggio,Noam Almaz
Children of a Lesser God,William Hurt
Invaders from Mars,Karen Black
Matador,Assumpta Serna
Down and Out in Beverly Hills,Nick Nolte
April Fool's Day,Deborah Foreman
The Big Easy,Dennis Quaid
Pirates,Walter Matthau
No Mercy,Richard Gere
Lady Jane,Helena Bonham Carter
Club Paradise,Robin Williams
Manon of the Spring,Yves Montand
Gothic,Gabriel Byrne
Armed and Dangerous,John Candy
F/X,Bryan Brown
King Kong Lives,Brian Kerwin
Castaway,Oliver Reed
Wise Guys,Danny DeVito
Solarbabies,Richard Jordan
The Manhattan Project,John Lithgow
Trick or Treat,Marc Price
Body Slam,Dirk Benedict
Jumpin' Jack Flash,Whoopi Goldberg
Fire with Fire,Craig Sheffer
Gung Ho,Michael Keaton
True Stories,David Byrne
When the Wind Blows,Peggy Ashcroft
Murphy's Law,Charles Bronson
Deadly Friend,Matthew Labyorteaux
Jean de Florette,Yves Montand
Reform School Girls,Linda Carol
Band of the Hand,Stephen Lang
Vamp,Chris Makepeace
Nothing in Common,Tom Hanks
TerrorVision,Diane Franklin
Quicksilver,Kevin Bacon
52 Pick-Up,Roy Scheider
Black Moon Rising,Tommy Lee Jones
Extremities,Farrah Fawcett
The Men's Club,David Dukes
Haunted Honeymoon,Gene Wilder
Summer,Marie Rivière
Tough Guys,Burt Lancaster
Eliminators,Andrew Prine
The Best of Times,Robin Williams
Firewalker,Chuck Norris
Modern Girls,Daphne Zuniga
Witchboard,Todd Allen
Clockwise,John Cleese
Legal Eagles,Robert Redford
Link,Terence Stamp
"Jo Jo Dancer,Rocco Urbisci
Wanted: Dead or Alive,Rutger Hauer
American Anthem,Mitchell Gaylord
The Morning After,Jane Fonda
Crimes of the Heart,Diane Keaton
Under the Cherry Moon,Prince
Malcolm,Colin Friels
Meatballs III: Summer Job,Sally Kellerman
Devil in the Flesh,Maruschka Detmers
Absolute Beginners,Patsy Kensit
Deadtime Stories,Scott Valentine
Avenging Force,Michael Dudikoff
Heat,Burt Reynolds
Sweet Liberty,Alan Alda
Killer Party,Martin Hewitt
Out of Bounds,Anthony Michael Hall
Wisdom,Emilio Estevez
Shanghai Surprise,Sean Penn
Power,Richard Gere
A Fine Mess,Ted Danson
Let's Get Harry,Michael Schoeffling
My Chauffeur,Deborah Foreman
Biggles: Adventures in Time,Neil Dickson
Half Moon Street,Sigourney Weaver
Every Time We Say Goodbye,Tom Hanks
The Decline of the American Empire,Dominique Michel
Hardbodies 2,James Karen
The Boy in Blue,Nicolas Cage
Brighton Beach Memoirs,Blythe Danner
The Longshot,Tim Conway
Willy/Milly,Pamela Adlon
Ginger and Fred,Marcello Mastroianni
'Round Midnight,Dexter Gordon
Violets Are Blue...,Sissy Spacek
Parting Glances,John Bolger
The Whoopee Boys,Michael O'Keefe
Tai-Pan,Bryan Brown
My Little Pony: The Movie,Danny DeVito
Playing for Keeps,Daniel Jordano
"'night,Marsha Norman
Jake Speed,Wayne Crawford
The Naked Cage,Shari Shattuck
Blue City,Judd Nelson
That's Life!,Jack Lemmon
Sky Bandits,Scott McGinnis
Ménage,Gérard Depardieu
Dream Lover,Kristy McNichol
Dangerously Close,John Stockwell
The Whistle Blower,Michael Caine
Care Bears Movie II: A New Generation,Maxine Miller
Knights of the City,Leon Isaac Kennedy
Born American,Mike Norris
Desert Bloom,Jon Voight
Touch and Go,Michael Keaton
Man Facing Southeast,Lorenzo Quinteros
Nutcracker,Hugh Duncan Bigney Mitchell
The Fringe Dwellers,Australia
Just Between Friends,Mary Tyler Moore
Oviri,Donald Sutherland
P.O.W. the Escape,David Carradine
Armed Response,David Carradine
Duet for One,United States
Bullies,Jonathan Crombie
Native Son,Victor Love
The Assault,Derek de Lint
Nobody's Fool,Rosanna Arquette
Alien Predator,Dennis Christopher
Low Blow,United States
A Man and a Woman: 20 Years Later,Anouk Aimée
The Princess Bride,Cary Elwes
The Lost Boys,Jason Patric
Full Metal Jacket,Matthew Modine
Predator,Arnold Schwarzenegger
RoboCop,Peter Weller
Dirty Dancing,Patrick Swayze
Adventures in Babysitting,Elisabeth Shue
The Untouchables,Kevin Costner
Spaceballs,Mel Brooks
Raising Arizona,Nicolas Cage
Lethal Weapon,Mel Gibson
Near Dark,Adrian Pasdar
Mannequin,Andrew McCarthy
Masters of the Universe,Dolph Lundgren
Fatal Attraction,Michael Douglas
Hellraiser,Andrew Robinson
Empire of the Sun,Christian Bale
No Way Out,Kevin Costner
The Witches of Eastwick,Jack Nicholson
Some Kind of Wonderful,Eric Stoltz
The Running Man,Arnold Schwarzenegger
Black Widow,Debra Winger
Angel Heart,Mickey Rourke
Moonstruck,Cher
Jaws: the Revenge,Lorraine Gary
Wall Street,Charlie Sheen
"Good Morning,Mitch Markowitz
A Nightmare on Elm Street 3: Dream Warriors,Heather Langenkamp
"Planes,John Hughes
Can't Buy Me Love,Patrick Dempsey
Overboard,Goldie Hawn
Beverly Hills Cop II,Eddie Murphy
Superman IV: The Quest for Peace,Christopher Reeve
The Secret of My Success,Michael J. Fox
Withnail & I,Richard E. Grant
Evil Dead II,Bruce Campbell
Summer School,Mark Harmon
Innerspace,Dennis Quaid
The Living Daylights,Timothy Dalton
Over the Top,Sylvester Stallone
The Last Emperor,John Lone
Less Than Zero,Andrew McCarthy
Three Men and a Baby,Tom Selleck
La Bamba,Lou Diamond Phillips
Revenge of the Nerds II: Nerds in Paradise,Robert Carradine
The Monster Squad,Andre Gower
Prince of Darkness,Donald Pleasence
Wings of Desire,Bruno Ganz
Maurice,James Wilby
Broadcast News,William Hurt
Harry and the Hendersons,John Lithgow
Creepshow 2,George Kennedy
Police Academy 4: Citizens on Patrol,Steve Guttenberg
The Stepfather,Terry O'Quinn
My Best Friend Is a Vampire,Robert Sean Leonard
Flowers in the Attic,Louise Fletcher
*batteries not included,Hume Cronyn
Roxanne,Steve Martin
Dragnet,Dan Aykroyd
Throw Momma from the Train,Danny DeVito
Amazon Women on the Moon,Rosanna Arquette
Teen Wolf Too,Jason Bateman
Baby Boom,Diane Keaton
84 Charing Cross Road,Anne Bancroft
The Gate,Stephen Dorff
Ernest Goes to Camp,Jim Varney
Aria,John Hurt
Hamburger Hill,Anthony Barrile
Cherry 2000,Melanie Griffith
The Hidden,Kyle MacLachlan
The Bedroom Window,Steve Guttenberg
Barfly,Mickey Rourke
Maid to Order,Ally Sheedy
Blind Date,Kim Basinger
Au Revoir les Enfants,Gaspard Manesse
"Rita,Andrea Dunbar
Hope and Glory,Sarah Miles
No Man's Land,Charlie Sheen
Ishtar,Warren Beatty
Tough Guys Don't Dance,Ryan O'Neal
Stakeout,Richard Dreyfuss
Babette's Feast,Stéphane Audran
The Garbage Pail Kids Movie,Anthony Newley
Radio Days,Mia Farrow
Bagdad Cafe,Marianne Sägebrecht
Project X,Matthew Broderick
Three O'Clock High,Casey Siemaszko
The Barbarians,David Paul
North Shore,Matt Adler
The Believers,Martin Sheen
House II: the Second Story,Arye Gross
Death Wish 4: The Crackdown,Charles Bronson
House of Games,Lindsay Crouse
Cry Freedom,Denzel Washington
Man on Fire,Scott Glenn
Assassination,Charles Bronson
The Pick-up Artist,Molly Ringwald
Back to the Beach,Frankie Avalon
Someone to Watch Over Me,Tom Berenger
Born in East L.A.,Cheech Marin
Ironweed,Jack Nicholson
Who's That Girl,Madonna
Extreme Prejudice,Nick Nolte
Matewan,Chris Cooper
Pelle the Conqueror,Pelle Hvenegaard
Suspect,Cher
The Fourth Protocol,Michael Caine
The Chipmunk Adventure,Ross Bagdasarian Jr.
The Allnighter,Susanna Hoffs
Prom Night II,Lisa Schrage
Hiding Out,Jon Cryer
White Water Summer,Kevin Bacon
Made in Heaven,Timothy Hutton
Best Seller,James Woods
Date with an Angel,Michael E. Knight
Hunk,John Allen Nelson
Real Men,Jim Belushi
Critical Condition,Richard Pryor
A Month in the Country,Colin Firth
Outrageous Fortune,Shelley Long
Like Father Like Son,Dudley Moore
Steel Dawn,Patrick Swayze
Tin Men,Richard Dreyfuss
The Big Town,Matt Dillon
Light of Day,Michael J. Fox
Prison,Lane Smith
Wish You Were Here,Emily Lloyd
Gandahar,Glenn Close
Street Smart,Christopher Reeve
The Curse,Wil Wheaton
The House on Carroll Street,United States
The Whales of August,Bette Davis
Prick Up Your Ears,Gary Oldman
The Principal,Jim Belushi
American Ninja 2: The Confrontation,Michael Dudikoff
Housekeeping,Christine Lahti
A Prayer for the Dying,Mickey Rourke
Slam Dance,Tom Hulce
Rampage,Michael Biehn
The Sicilian,Christopher Lambert
"Silent Night,Michael Hickey
Creepozoids,Linnea Quigley
The Outing,Deborah Winters
Nightflyers,Catherine Mary Stewart
Fatal Beauty,Whoopi Goldberg
Siesta,Ellen Barkin
Leonard Part 6,Bill Cosby
Boyfriends and Girlfriends,Emmanuelle Chaulet
White Mischief,Sarah Miles
White of the Eye,David Keith
Hot Pursuit,John Cusack
Hollywood Shuffle,Robert Townsend
The Dead,Anjelica Huston
Gardens of Stone,James Caan
Nuts,Barbra Streisand
Four Adventures of Reinette and Mirabelle,Joëlle Miquel
Walk Like a Man,Christopher Lloyd
Cross My Heart,Martin Short
Walker,Ed Harris
Malone,Burt Reynolds
Making Mr. Right,John Malkovich
Return to Horror High,Lori Lethin
Straight to Hell,Sy Richardson
Hello Again,Shelley Long
Promised Land,Jason Gedrick
Dead of Winter,Mary Steenburgen
"No Retreat,Maria Elena Cellino
My Demon Lover,Scott Valentine
China Girl,James Russo
Five Corners,United Kingdom
The Squeeze,Michael Keaton
Nadine,Jeff Bridges
Personal Services,Julie Walters
Cyclone,Heather Thomas
Three for the Road,Charlie Sheen
Little Dorrit,Derek Jacobi
The Year My Voice Broke,Noah Taylor
The Belly of an Architect,Brian Dennehy
Pass the Ammo,Bill Paxton
In the Mood,Patrick Dempsey
Surrender,Sally Field
Intervista,Sergio Rubini
Square Dance,Jason Robards
Shy People,Jill Clayburgh
A Man in Love,France
Disorderlies,Darren Robinson
Anguish,Zelda Rubinstein
September,Elaine Stritch
Oci ciornie,Marcello Mastroianni
Burglar,Whoopi Goldberg
The Kindred,Rod Steiger
Julia and Julia,Kathleen Turner
Russkies,Whip Hubley
"Sister,Bill Condon
From the Hip,Judd Nelson
Death Before Dishonor,Fred Dryer
Cold Steel,Brad Davis
Million Dollar Mystery,Eddie Deezen
The Glass Menagerie,Joanne Woodward
Anna,Sally Kirkland
Die Hard,Bruce Willis
Midnight Run,Robert De Niro
Beetlejuice,Alec Baldwin
Big,Tom Hanks
Rain Man,Dustin Hoffman
Running on Empty,River Phoenix
They Live,Roddy Piper
Willow,Val Kilmer
Crocodile Dundee II,Paul Hogan
Heathers,Winona Ryder
Coming to America,Eddie Murphy
Who Framed Roger Rabbit,Bob Hoskins
Mystic Pizza,Annabeth Gish
Akira,Mitsuo Iwata
Cinema Paradiso,Philippe Noiret
Mississippi Burning,Gene Hackman
Child's Play,Catherine Hicks
Twins,Arnold Schwarzenegger
The Naked Gun: from the Files of Police Squad!,Leslie Nielsen
The Great Outdoors,Dan Aykroyd
Cocktail,Tom Cruise
My Neighbor Totoro,Hitoshi Takagi
Young Guns,Emilio Estevez
A Fish Called Wanda,John Cleese
Working Girl,Melanie Griffith
Bloodsport,Jean-Claude Van Damme
The Last Temptation of Christ,Willem Dafoe
Married to the Mob,Michelle Pfeiffer
The Land Before Time,Pat Hingle
Rambo III,Sylvester Stallone
The Accused,Kelly McGillis
Dangerous Liaisons,Glenn Close
Earth Girls Are Easy,Geena Davis
Hairspray,Sonny Bono
Dead Ringers,Jeremy Irons
Bull Durham,Kevin Costner
The Big Blue,Jean-Marc Barr
The Unbearable Lightness of Being,Daniel Day-Lewis
The Blob,Shawnee Smith
Oliver & Company,Joey Lawrence
Two Moon Junction,Sherilyn Fenn
Beaches,Bette Midler
Red Heat,Arnold Schwarzenegger
A Nightmare on Elm Street 4: The Dream Master,Robert Englund
The Accidental Tourist,William Hurt
The Adventures of Baron Munchausen,John Neville
Killer Klowns from Outer Space,Grant Cramer
Halloween 4: The Return of Michael Myers,Donald Pleasence
Elvira: Mistress of the Dark,Cassandra Peterson
Mac and Me,Christine Ebersole
Above the Law,Steven Seagal
Scrooged,Bill Murray
The Dead Pool,Clint Eastwood
I'm Gonna Git You Sucka,Keenen Ivory Wayans
Pumpkinhead,Lance Henriksen
Dirty Rotten Scoundrels,Steve Martin
Friday the 13th Part VII: the New Blood,Terry Kiser
License to Drive,Corey Haim
Hellbound: Hellraiser II,Doug Bradley
Frantic,Harrison Ford
Colors,Sean Penn
My Stepmother Is an Alien,Dan Aykroyd
A Cry in the Dark,Meryl Streep
The Lair of the White Worm,Amanda Donohoe
High Spirits,Peter O'Toole
Vampire's Kiss,Nicolas Cage
Return of the Living Dead II,James Karen
The New Adventures of Pippi Longstocking,Tami Erin
Eight Men Out,John Cusack
Stand and Deliver,Edward James Olmos
Maniac Cop,Tom Atkins
Women on the Verge of a Nervous Breakdown,Carmen Maura
She's Having a Baby,Kevin Bacon
Police Academy 5: Assignment: Miami Beach,Bubba Smith
Tequila Sunrise,Mel Gibson
Night of the Demons,Cathy Podewell
Biloxi Blues,Matthew Broderick
Shag,Phoebe Cates
Cocoon: the Return,Don Ameche
Poltergeist III,Heather O'Rourke
Waxwork,Zach Galligan
Funny Farm,Chevy Chase
As Tears Go By,Andy Lau
Fright Night Part 2,William Ragsdale
Caddyshack II,Jackie Mason
School Daze,Laurence Fishburne
Johnny Be Good,Anthony Michael Hall
Taffin,Pierce Brosnan
Short Circuit 2,Fisher Stevens
The Serpent and the Rainbow,Bill Pullman
A Night in the Life of Jimmy Reardon,River Phoenix
The Presidio,Sean Connery
Big Business,Bette Midler
Monkey Shines,Jason Beghe
The Seventh Sign,Demi Moore
Time of the Gypsies,Davor Dujmovic
Masquerade,Rob Lowe
Phantasm II,James Le Gros
Tucker: The Man and His Dream,Jeff Bridges
Action Jackson,Carl Weathers
"Bright Lights,Jay McInerney
Shoot to Kill,Sidney Poitier
The Beast of War,George Dzundza
Lady in White,Lukas Haas
Gorillas in the Mist,Sigourney Weaver
Alien Nation,James Caan
Betrayed,Debra Winger
Miracle Mile,Anthony Edwards
Buster,Phil Collins
Big Top Pee-wee,Paul Reubens
For Keeps?,Molly Ringwald
Appointment with Death,Peter Ustinov
Some Girls,Patrick Dempsey
Critters 2,Scott Grimes
Dead Heat,Treat Williams
Talk Radio,Eric Bogosian
Satisfaction,Justine Bateman
The Bear,Tchéky Karyo
The Milagro Beanfield War,Rubén Blades
18 Again!,Charlie Schlatter
Vice Versa,Judge Reinhold
Fresh Horses,Molly Ringwald
Bat*21,Gene Hackman
Casual Sex?,Lea Thompson
Jack's Back,James Spader
Bird,Forest Whitaker
Stealing Home,Mark Harmon
Salaam Bombay!,Shafiq Syed
Young Einstein,Yahoo Serious
Punchline,Sally Field
Return to Snowy River,Tom Burlinson
Moving,Richard Pryor
And God Created Woman,Rebecca De Mornay
High Hopes,Phil Davis
Little Nikita,Sidney Poitier
Camille Claudel,Isabelle Adjani
Torch Song Trilogy,Anne Bancroft
Vibes,Cyndi Lauper
36 fillette,Delphine Zentout
D.O.A.,Dennis Quaid
Braddock: Missing in Action III,Chuck Norris
Red Scorpion,Dolph Lundgren
Drowning by Numbers,United Kingdom
Watchers,Corey Haim
Rocket Gibraltar,Burt Lancaster
The Unholy,Ben Cross
Not of This Earth,Traci Lords
A New Life,Alan Alda
1969,Robert Downey Jr.
Arthur 2: on the Rocks,Dudley Moore
Messenger of Death,Charles Bronson
Memories of Me,Billy Crystal
Chocolat,France
The Couch Trip,Dan Aykroyd
Without a Clue,Michael Caine
Bad Dreams,Jennifer Rubin
Another Woman,Gena Rowlands
Paperhouse,Charlotte Burke
Sunset,Bruce Willis
Cop,James Woods
Pulse,Cliff De Young
Stormy Monday,United Kingdom
Heart of Midnight,Jennifer Jason Leigh
Switching Channels,Kathleen Turner
Miles from Home,Richard Gere
Clean and Sober,Michael Keaton
Crossing Delancey,Amy Irving
Things Change,Don Ameche
Kansas,Matt Dillon
Hot to Trot,Bobcat Goldthwait
Shakedown,Peter Weller
976-EVIL,Stephen Geoffreys
Pascali's Island,United Kingdom
Everybody's All-American,Jessica Lange
Heartbreak Hotel,David Keith
The Chocolate War,John Glover
It Takes Two,George Newbern
Iron Eagle II,Louis Gossett Jr.
Party Line,United States
The Kiss,Joanna Pacula
Spellbinder,Tim Daly
Patty Hearst,Natasha Richardson
A Handful of Dust,James Wilby
Criminal Law,Gary Oldman
A Summer Story,Imogen Stubbs
Platoon Leader,United States
The Girl in a Swing,Meg Tilly
Permanent Record,Alan Boyce
Hero and the Terror,Chuck Norris
Illegally Yours,Rob Lowe
Track 29,Theresa Russell
"Distant Voices,Terence Davies
Ernest Saves Christmas,Jim Varney
Feds,Rebecca De Mornay
Moon Over Parador,Richard Dreyfuss
Salome's Last Dance,United Kingdom
Off Limits,Willem Dafoe
Tapeheads,John Cusack
Apartment Zero,Hart Bochner
The Good Mother,Diane Keaton
Indiana Jones and the Last Crusade,Harrison Ford
Road House,Patrick Swayze
Batman,Michael Keaton
Bill & Ted's Excellent Adventure,Keanu Reeves
Field of Dreams,Kevin Costner
Dead Poets Society,Robin Williams
The Little Mermaid,Jodi Benson
The Abyss,Ed Harris
Back to the Future Part II,Michael J. Fox
Do the Right Thing,Danny Aiello
"Honey,Stuart Gordon
Turner & Hooch,Tom Hanks
Weekend at Bernie's,Andrew McCarthy
The Karate Kid Part III,Ralph Macchio
"Sex,Steven Soderbergh
When Harry Met Sally...,Billy Crystal
Major League,Tom Berenger
Steel Magnolias,Shirley MacLaine
Pet Sematary,Dale Midkiff
Uncle Buck,John Candy
Ghostbusters II,Bill Murray
Tango & Cash,Sylvester Stallone
Born on the Fourth of July,Tom Cruise
Glory,Matthew Broderick
Parenthood,Steve Martin
Lethal Weapon 2,Mel Gibson
National Lampoon's Christmas Vacation,Chevy Chase
The 'Burbs,Tom Hanks
Say Anything,John Cusack
License to Kill,Timothy Dalton
Shirley Valentine,Pauline Collins
Harlem Nights,Eddie Murphy
Lock Up,Sylvester Stallone
"The Cook,Peter Greenaway
Warlock,Julian Sands
"See No Evil,Earl Barret
Casualties of War,Michael J. Fox
The Package,Gene Hackman
My Left Foot,Daniel Day-Lewis
The War of the Roses,Michael Douglas
Wild Orchid,Mickey Rourke
Little Monsters,Fred Savage
The Wizard,Fred Savage
UHF,'Weird Al' Yankovic
Look Who's Talking,John Travolta
Star Trek V: The Final Frontier,William Shatner
Tie Me Up! Tie Me Down!,Victoria Abril
All Dogs Go to Heaven,Dom DeLuise
Cyborg,Jean-Claude Van Damme
Always,Richard Dreyfuss
Leviathan,Peter Weller
Best of the Best,Eric Roberts
Dead Calm,Nicole Kidman
Kickboxer,Jean-Claude Van Damme
Black Rain,Michael Douglas
Troop Beverly Hills,Shelley Long
Driving Miss Daisy,Morgan Freeman
Drugstore Cowboy,Matt Dillon
A Nightmare on Elm Street 5: The Dream Child,Robert Englund
Dream a Little Dream,Corey Feldman
Halloween 5: The Revenge of Michael Myers,Donald Pleasence
DeepStar Six,Greg Evigan
Sea of Love,Al Pacino
Skin Deep,John Ritter
K-9,Jim Belushi
Lean on Me,Morgan Freeman
Henry V,Kenneth Branagh
She's Out of Control,Tony Danza
Friday the 13th Part VIII: Jason Takes Manhattan,Jensen Daggett
Teen Witch,Robyn Lively
Valmont,Colin Firth
Scandal,John Hurt
The Fabulous Baker Boys,Jeff Bridges
Shocker,Michael Murphy
Next of Kin,Patrick Swayze
The Fly II,Eric Stoltz
She-Devil,Meryl Streep
Mystery Train,Masatoshi Nagase
Blaze,Paul Newman
The Rainbow,Sammi Davis
Gleaming the Cube,Christian Slater
Fletch Lives,Chevy Chase
Communion,Christopher Walken
Erik the Viking,Tim Robbins
Crimes and Misdemeanors,Martin Landau
An Innocent Man,Tom Selleck
Let It Ride,Richard Dreyfuss
Loverboy,Patrick Dempsey
Kill Me Again,Val Kilmer
The Gods Must Be Crazy II,N!xau
Millennium,Kris Kristofferson
Chances Are,Cybill Shepherd
The Dream Team,Michael Keaton
Last Exit to Brooklyn,Jennifer Jason Leigh
Little Nemo: Adventures in Slumberland,Gabriel Damon
Kinjite: Forbidden Subjects,Charles Bronson
Great Balls of Fire!,Dennis Quaid
New York Stories,Woody Allen
Cousins,Ted Danson
Blind Fury,Rutger Hauer
The Return of Swamp Thing,Dick Durock
The January Man,Kevin Kline
We're No Angels,Robert De Niro
Johnny Handsome,Mickey Rourke
Who's Harry Crumb?,John Candy
The Mighty Quinn,Denzel Washington
Fat Man and Little Boy,Paul Newman
Police Academy 6: City Under Siege,Bubba Smith
Her Alibi,Tom Selleck
The Blood of Heroes,Rutger Hauer
Pink Cadillac,Clint Eastwood
Three Fugitives,Nick Nolte
Robot Jox,Gary Graham
No Holds Barred,Hulk Hogan
Family Business,Sean Connery
Wicked Stepmother,Bette Davis
Chattahoochee,Gary Oldman
Stepfather II: Make Room for Daddy,Terry O'Quinn
Eddie and the Cruisers II: Eddie Lives!,Michael Paré
The Big Picture,Kevin Bacon
Parents,Randy Quaid
Jacknife,Robert De Niro
Dad,Jack Lemmon
Speed Zone,Peter Boyle
How to Get Ahead in Advertising,Richard E. Grant
Lisa,Staci Keanan
Out Cold,John Lithgow
Longtime Companion,Stephen Caffrey
Happily Ever After,Edward Asner
Heart of Dixie,Ally Sheedy
Tap,Gregory Hines
A Dry White Season,Donald Sutherland
The Phantom of the Opera,Robert Englund
The Experts,John Travolta
Triumph of the Spirit,Willem Dafoe
The Unbelievable Truth,Adrienne Shelly
True Believer,James Woods
The Horror Show,Lance Henriksen
The Tall Guy,Jeff Goldblum
The Toxic Avenger Part II,Ron Fazio
Dead Bang,Don Johnson
Music Box,Jessica Lange
Gross Anatomy,Matthew Modine
Violent Cop,Takeshi Kitano
Renegades,Kiefer Sutherland
Sing,Lorraine Bracco
Sweetie,Geneviève Lemon
Listen to Me,Kirk Cameron
Miss Firecracker,Holly Hunter
The Rachel Papers,Dexter Fletcher
Wired,Michael Chiklis
Lost Angels,Donald Sutherland
Jesus of Montreal,Lothaire Bluteau
Rooftops,Jason Gedrick
After Midnight,Jillian McWhirter
Disorganized Crime,Hoyt Axton
Slaves of New York,United States
Damned River,Stephen Shellen
My Twentieth Century,Dorota Segda
Scenes from the Class Struggle in Beverly Hills,United States
The Terror Within,Andrew Stevens
Farewell to the King,Nick Nolte
See You in the Morning,Jeff Bridges
"I,David Chaskin
Immediate Family,Glenn Close
In Country,Emily Lloyd
Winter People,Kurt Russell
"Enemies,Isaac Bashevis Singer
American Ninja 3: Blood Hunt,David Bradley
Physical Evidence,Burt Reynolds
Worth Winning,Mark Harmon
Edge of Sanity,Anthony Perkins
Brenda Starr,Brooke Shields
How I Got Into College,Anthony Edwards
Mortal Passions,Zach Galligan
Old Gringo,Jane Fonda
Relentless,Judd Nelson
Cheetah,Keith Coogan
Monsieur Hire,France
Prancer,Sam Elliott
Too Beautiful for You,France
Getting It Right,Jesse Birdsall
Rude Awakening,Cheech Marin
Cookie,Peter Falk
Bloodhounds of Broadway,Josef Sommer
The Toxic Avenger Part III: The Last Temptation of Toxie,Ron Fazio
River of Death,Michael Dudikoff
Staying Together,Sean Astin
Fast Food,Clark Brandon
Martians Go Home,Randy Quaid
Night Game,Roy Scheider
Romero,Raul Julia
84C MoPic,Jonathan Emerson
Rosalie Goes Shopping,United States
True Love,Annabella Sciorra
Second Sight,John Larroquette
A Chorus of Disapproval,Jeremy Irons
The Lemon Sisters,Diane Keaton
Breaking In,Burt Reynolds
Crack House,Jim Brown
Goodfellas,Robert De Niro
The Godfather: Part III,Al Pacino
Total Recall,Arnold Schwarzenegger
Pretty Woman,Richard Gere
Home Alone,Macaulay Culkin
Ghost,Patrick Swayze
Dances with Wolves,Kevin Costner
Tremors,Kevin Bacon
Die Hard 2,Bruce Willis
Misery,James Caan
Kindergarten Cop,Arnold Schwarzenegger
The Bonfire of the Vanities,Tom Hanks
Teenage Mutant Ninja Turtles,Judith Hoag
Edward Scissorhands,Johnny Depp
The Hunt for Red October,Sean Connery
Dick Tracy,Warren Beatty
Awakenings,Robert De Niro
The Handmaid's Tale,Natasha Richardson
Wild at Heart,Nicolas Cage
Predator 2,Danny Glover
RoboCop 2,Peter Weller
The Witches,Anjelica Huston
Jacob's Ladder,Tim Robbins
Back to the Future Part III,Michael J. Fox
Darkman,Liam Neeson
The Hot Spot,Don Johnson
Cry-Baby,Johnny Depp
Presumed Innocent,Harrison Ford
Arachnophobia,Jeff Daniels
Days of Thunder,Tom Cruise
King of New York,Christopher Walken
Gremlins 2: The New Batch,Zach Galligan
Rocky V,Sylvester Stallone
Young Guns II,Emilio Estevez
Miller's Crossing,Gabriel Byrne
Revenge,Kevin Costner
Lord of the Flies,Balthazar Getty
Nikita,France
Mermaids,Cher
Child's Play 2,Alex Vincent
Joe Versus the Volcano,Tom Hanks
Slacker,Richard Linklater
Flatliners,Kiefer Sutherland
Days of Being Wild,Leslie Cheung
The Exorcist III,George C. Scott
Quigley Down Under,Tom Selleck
Nightbreed,Craig Sheffer
The Two Jakes,Jack Nicholson
Lionheart,Jean-Claude Van Damme
Internal Affairs,Richard Gere
Three Men and a Little Lady,Tom Selleck
Problem Child,Michael Oliver
The Grifters,Anjelica Huston
My Blue Heaven,Steve Martin
The Rescuers Down Under,Bob Newhart
House Party,Christopher Reid
Another 48 Hrs.,Eddie Murphy
Night of the Living Dead,Tony Todd
Pacific Heights,Melanie Griffith
Postcards from the Edge,Meryl Streep
Henry & June,Fred Ward
Hard to Kill,Steven Seagal
Pump Up the Volume,Christian Slater
Hamlet,Mel Gibson
The NeverEnding Story II: The Next Chapter,Jonathan Brandis
Men at Work,Charlie Sheen
Leatherface: Texas Chainsaw Massacre III,Kate Hodge
Reversal of Fortune,Jeremy Irons
Frankenhooker,James Lorinz
State of Grace,Sean Penn
Bird on a Wire,Mel Gibson
Memphis Belle,Matthew Modine
The Adventures of Ford Fairlane,Andrew Dice Clay
Marked for Death,Steven Seagal
Slumber Party Massacre III,Keely Christian
Dreams,Akira Terao
Air America,Mel Gibson
I Love You to Death,Kevin Kline
Class of 1999,Bradley Gregg
Death Warrant,Jean-Claude Van Damme
White Palace,Susan Sarandon
Close-Up,Hossain Sabzian
Quick Change,Bill Murray
Hardware,Dylan McDermott
Mr. Destiny,Jim Belushi
The Freshman,Marlon Brando
Blue Steel,Jamie Lee Curtis
The Krays,Gary Kemp
Navy Seals,Charlie Sheen
Graveyard Shift,David Andrews
The Sheltering Sky,Debra Winger
Dark Angel,Dolph Lundgren
The Comfort of Strangers,United States
Mo' Better Blues,Denzel Washington
"Welcome Home,Karen Leigh Hopkins
Bad Influence,Rob Lowe
Look Who's Talking Too,John Travolta
Rosencrantz & Guildenstern Are Dead,Gary Oldman
Tales from the Darkside: The Movie,Debbie Harry
The Rookie,Clint Eastwood
Green Card,Gérard Depardieu
Metropolitan,Carolyn Farina
Europa Europa,Solomon Perel
Cyrano de Bergerac,Gérard Depardieu
Almost an Angel,Paul Hogan
Everybody Wins,Debra Winger
Truly Madly Deeply,Juliet Stevenson
Havana,Robert Redford
DuckTales the Movie: Treasure of the Lost Lamp,Alan Young
The Russia House,Sean Connery
Life Is Sweet,United Kingdom
Jetsons: The Movie,George O'Hanlon
White Hunter Black Heart,Clint Eastwood
Avalon,Aidan Quinn
Narrow Margin,Gene Hackman
Cadillac Man,Robin Williams
Taking Care of Business,Jim Belushi
Texasville,Jeff Bridges
The Guardian,Jenny Seagrove
Repossessed,Leslie Nielsen
Fire Birds,Nicolas Cage
Miami Blues,Fred Ward
The Field,Ireland
"After Dark,Jim Thompson
Alice,Mia Farrow
Side Out,C. Thomas Howell
The First Power,Lou Diamond Phillips
Delta Force 2: the Colombian Connection,Chuck Norris
Desperate Hours,Mickey Rourke
Ju Dou,China
Cadence,Charlie Sheen
Brain Dead,Bill Pullman
The Hairdresser's Husband,Jean Rochefort
Ernest Goes to Jail,Jim Varney
Madhouse,Richard Alexander
A Cry in the Wild,Jared Rushton
The Long Walk Home,Sissy Spacek
Mountains of the Moon,Patrick Bergin
Two Evil Eyes,Adrienne Barbeau
Mr. & Mrs. Bridge,Paul Newman
Trust,Adrienne Shelly
Crazy People,Dudley Moore
A Shock to the System,Michael Caine
The Boyfriend School,Steve Guttenberg
Roger Corman's Frankenstein Unbound,John Hurt
Nuns on the Run,Eric Idle
Q&A,Nick Nolte
An Angel at My Table,Kerry Fox
Stanley & Iris,Jane Fonda
Flashback,Dennis Hopper
Men Don't Leave,Jessica Lange
Ski Patrol,Roger Rose
Ghost Dad,Bill Cosby
Book of Love,Chris Young
Hidden Agenda,United Kingdom
Everybody's Fine,Marcello Mastroianni
Spaced Invaders,Douglas Barr
Meet the Applegates,Ed Begley Jr.
Betsy's Wedding,Alan Alda
Def by Temptation,James Bond III
Heart Condition,Bob Hoskins
My Father's Glory,France
Vincent & Theo,Tim Roth
Streets,Christina Applegate
Stella,Bette Midler
The Forbidden Dance,Laura Harring
Loose Cannons,Gene Hackman
A Tale of Springtime,Anne Teyssèdre
To Sleep with Anger,Danny Glover
Where the Heart Is,Dabney Coleman
Love at Large,Tom Berenger
Boiling Point,Takeshi Kitano
Downtown,Anthony Edwards
Short Time,Dabney Coleman
American Ninja 4: The Annihilation,Michael Dudikoff
Gate 2: The Trespassers,Louis Tripp
Come See the Paradise,United States
The Garden,United Kingdom
Lambada,J. Eddie Peck
The Shrimp on the Barbie,Cheech Marin
May Fools,France
The Last of the Finest,Brian Dennehy
Strangers in Good Company,Canada
Opportunity Knocks,Dana Carvey
Funny About Love,Gene Wilder
Graffiti Bridge,Prince
Coupe de Ville,Patrick Dempsey
Sibling Rivalry,Kirstie Alley
Vital Signs,Adrian Pasdar
Body Chemistry,Marc Singer
The Haunting of Morella,Nicole Eggert
The Fourth War,Roy Scheider
Tune in Tomorrow...,Barbara Hershey
Impulse,Theresa Russell
La discrète,Fabrice Luchini
Heaven and Earth,Takaaki Enoki
Crossing the Line,Kenny Ireland
Mindwalk,Liv Ullmann
The Nasty Girl,West Germany
Archangel,Michael Gottli
Terminator 2: Judgment Day,Arnold Schwarzenegger
Point Break,Patrick Swayze
The Silence of the Lambs,Jodie Foster
Hook,Dustin Hoffman
Boyz n the Hood,Cuba Gooding Jr.
Cape Fear,Robert De Niro
Career Opportunities,Frank Whaley
The Addams Family,Anjelica Huston
Thelma & Louise,Susan Sarandon
Y Tu Mamá También,Maribel Verdú
Robin Hood: Prince of Thieves,Kevin Costner
The Doors,Val Kilmer
Beauty and the Beast,Paige O'Hara
Fried Green Tomatoes,Kathy Bates
JFK,Kevin Costner
The Rocketeer,Billy Campbell
My Girl,Anna Chlumsky
Backdraft,Kurt Russell
Bill & Ted's Bogus Journey,Keanu Reeves
Father of the Bride,Steve Martin
City Slickers,Billy Crystal
Don't Tell Mom the Babysitter's Dead,Christina Applegate
The Fisher King,Jeff Bridges
Sex and Zen,Lawrence Ng
Sleeping with the Enemy,Julia Roberts
The Beautiful Troublemaker,Michel Piccoli
Return to the Blue Lagoon,Brian Krause
The Last Boy Scout,Bruce Willis
Star Trek VI: The Undiscovered Country,William Shatner
My Own Private Idaho,River Phoenix
Drop Dead Fred,Phoebe Cates
Hot Shots!,Charlie Sheen
Hudson Hawk,Bruce Willis
The Prince of Tides,Barbra Streisand
Barton Fink,John Turturro
Nothing But Trouble,Chevy Chase
What About Bob?,Bill Murray
Naked Lunch,Peter Weller
Teenage Mutant Ninja Turtles II: The Secret of the Ooze,Paige Turco
The Naked Gun 2½: The Smell of Fear,Leslie Nielsen
Double Impact,Jean-Claude Van Damme
The Commitments,Robert Arkins
The Man in the Moon,Sam Waterston
The Double Life of Véronique,Irène Jacob
New Jack City,Wesley Snipes
Toy Soldiers,Sean Astin
The People Under the Stairs,Brandon Quintin Adams
Regarding Henry,Harrison Ford
Bugsy,Warren Beatty
Doc Hollywood,Michael J. Fox
Delicatessen,Marie-Laure Dougnac
Night on Earth,Winona Ryder
Child's Play 3,Justin Whalin
Freddy's Dead: The Final Nightmare,Robert Englund
Oscar,Sylvester Stallone
The Lovers on the Bridge,Juliette Binoche
Highlander II: The Quickening,Christopher Lambert
Stone Cold,Brian Bosworth
Wild Hearts Can't Be Broken,Gabrielle Anwar
Showdown in Little Tokyo,Dolph Lundgren
Jungle Fever,Wesley Snipes
Harley Davidson and the Marlboro Man,Mickey Rourke
Not Without My Daughter,Sally Field
Defending Your Life,Albert Brooks
Flight of the Intruder,Danny Glover
Problem Child 2,John Ritter
The Hard Way,Michael J. Fox
Ricochet,Denzel Washington
L.A. Story,Steve Martin
Rush,Jason Patric
Dead Again,Kenneth Branagh
Out for Justice,Steven Seagal
Only Yesterday,Miki Imai
The Indian Runner,David Morse
An American Tail: Fievel Goes West,James Stewart
Life Stinks,Mel Brooks
Frankie and Johnny,Al Pacino
Grand Canyon,Danny Glover
Close My Eyes,Alan Rickman
Homicide,Joe Mantegna
Soapdish,Sally Field
Curly Sue,Jim Belushi
The Rapture,Mimi Rogers
Mannequin: on the Move,Kristy Swanson
Rock-A-Doodle,Glen Campbell
Necessary Roughness,Scott Bakula
Cool as Ice,Vanilla Ice
Wild Orchid II: Two Shades of Blue,Nina Siemaszko
Switch,Ellen Barkin
White Fang,Ethan Hawke
Until the End of the World,William Hurt
Only the Lonely,John Candy
Dutch,Ed O'Neill
Shattered,Tom Berenger
Raise the Red Lantern,Gong Li
Suburban Commando,Hulk Hogan
Popcorn,Jill Schoelen
Mobsters,Christian Slater
Operation Condor,Jackie Chan
If Looks Could Kill,Richard Grieco
The Butcher's Wife,Demi Moore
Dying Young,Julia Roberts
Dogfight,River Phoenix
Whore,Theresa Russell
Hear My Song,Ireland
Other People's Money,Danny DeVito
Delirious,John Candy
Flirting,Noah Taylor
The Pit and the Pendulum,United States
High Heels,Victoria Abril
Little Man Tate,Jodie Foster
Shadows and Fog,Woody Allen
Shakes the Clown,Bobcat Goldthwait
Black Robe,Lothaire Bluteau
Billy Bathgate,Dustin Hoffman
Europa,Barbara Sukowa
The Doctor,William Hurt
Kafka,Jeremy Irons
Johnny Suede,Brad Pitt
Mystery Date,Ethan Hawke
Ernest Scared Stupid,Jim Varney
The Five Heartbeats,Robert Townsend
Mississippi Masala,Denzel Washington
The Marrying Man,Kim Basinger
"He Said,Brian Hohlfeld
Poison,Edith Meeks
King Ralph,John Goodman
Enchanted April,Alfred Molina
Mediterraneo,Diego Abatantuono
House Party 2,Christopher Reid
Deceived,Goldie Hawn
The Perfect Weapon,Jeff Speakman
Class Action,Gene Hackman
Under Suspicion,Liam Neeson
Edward II,Steven Waddington
The Princess and the Goblin,Claire Bloom
Rambling Rose,Laura Dern
Big Girls Don't Cry... They Get Even,Griffin Dunne
K2,Michael Biehn
Prospero's Books,John Gielgud
Pure Luck,Martin Short
F/X2,Bryan Brown
The Adjuster,Canada
Mortal Thoughts,Demi Moore
Another You,Richard Pryor
For the Boys,Bette Midler
Beastmaster 2: Through the Portal of Time,Marc Singer
McBain,Christopher Walken
Eve of Destruction,Gregory Hines
A Rage in Harlem,Forest Whitaker
Rhapsody in August,Sachiko Murase
Kickboxer 2: the Road Back,Sasha Mitchell
V.I. Warshawski,Kathleen Turner
The Super,Joe Pesci
Proof,Hugo Weaving
At Play in the Fields of the Lord,Tom Berenger
True Colors,John Cusack